{
    "avengers": [
        {
            "Serial": 1,
            "title": "Ironman",
            "power": 7,
            "city": "Delhi",
            "poster": "Ironman.jpeg"
        },
        {
            "Serial": 2,
            "title": "Antman",
            "power": 8,
            "city": "Amritsar",
            "poster": "Antman.jpeg"
        },
        {
            "Serial": 3,
            "title": "Batman",
            "power": 5,
            "city": "Jaipur",
            "poster": "Batman.jpeg"
        },
        {
            "Serial": 4,
            "title": "Black Panther",
            "power": 3,
            "city": "Ooty",
            "poster": "Black Panther.jpeg"
        },
        {
            "Serial": 5,
            "title": "Black Widow",
            "power": 9,
            "city": "Kota",
            "poster": "Black Widow.jpeg"
        },
        {
            "Serial": 6,
            "title": "Dead Pool",
            "power": 9,
            "city": "Kota",
            "poster": "Dead Pool.jpeg"
        },
        {
            "Serial": 7,
            "title": "Captain Marvel",
            "power": 8,
            "city": "Jaipur",
            "poster": "Captain Marvel.jpeg"
        },
        {
            "Serial": 8,
            "title": "Falcon",
            "power": 3,
            "poster": "Falcon.jpeg"
        },
        {
            "Serial": 9,
            "title": "Dr Strange",
            "power": 3,
            "city": "Kashmir",
            "poster": "Dr Strange.jpeg"
        },
        {
            "Serial": 10,
            "title": "Hawkeye",
            "power": 3,
            "city": "Shimla",
            "poster": "Hawkeye.jpeg"
        },
        {
            "Serial": 11,
            "title": "Hulk",
            "power": 8,
            "city": "Gurugram",
            "poster": "Hulk.jpeg"
        },
        {
            "Serial": 12,
            "title": "Rajani",
            "power": 4,
            "city": "Mumbai",
            "poster": "Rajani.jpeg"
        },
        {
            "Serial": 13,
            "title": "Thor",
            "power": 8,
            "city": "Chennai",
            "poster": "Thor.jpeg"
        },
        {
            "Serial": 14,
            "title": "Vision",
            "power": 7,
            "city": "Chennai",
            "poster": "Vision.jpeg"
        },
        {
            "Serial": 15,
            "title": "Wonder Women",
            "power": 8,
            "city": "Pune",
            "poster": "Wonder Women.jpeg"
        }
    ]
}