{
    "adventurous": [
        {
            "sl": 1,
            "name": "Wonderla",
            "city": "Bengaluru",
            "timings": "10AM to 7PM",
            "dressCode": "Casual",
            "entranceFees": "Rs 1000 per Person",
            "specialInstructions": "Bring Synthetic cloths for Water Activities"
        },
        {
            "sl": 2,
            "name": "Water Kingdom",
            "city": "Mumbai",
            "timings": "9Am to 5PM",
            "dressCode": "Synthatic Clothes",
            "entranceFees": "Rs 500 per Person",
            "specialInstructions": "Bring Own Safety Wears"
        },
        {
            "sl": 3,
            "name": "Adventure Island",
            "city": "Delhi",
            "timings": "10AM to 6PM",
            "dressCode": "Casual",
            "entranceFees": "Rs 1200 per Person",
            "specialInstructions": "Children not Allowed"
        },
        {
            "sl": 4,
            "name": "Thrill Zone",
            "city": "Jaipur",
            "timings": "8AM to 8PM",
            "dressCode": "Casual",
            "entranceFees": "Rs 750 per Person",
            "specialInstructions": "Visit on Own Risk"
        },
        {
            "sl": 5,
            "name": "Diamond Waterpark",
            "city": "Pune",
            "timings": "10AM to 4PM",
            "dressCode": "Synthatic Clothes",
            "entranceFees": "Rs 450 per Person",
            "specialInstructions": "Bring Swimming Wears"
        },
        {
            "sl": 6,
            "name": "Snow Kingdom",
            "city": "Chennai",
            "timings": "11AM to 4PM",
            "dressCode": "Winter Clothes",
            "entranceFees": "Rs 900 per Person",
            "specialInstructions": "Be Safe, Don,t throw Snowball on others"
        }
    ]
}