{
    "beaches": [
        {
            "sl": 1,
            "name": "BTM Lake",
            "city": "Bengaluru",
            "timings": "8AM to 8PM",
            "dressCode": "Casual",
            "entranceFees": "Rs 100 per person",
            "specialInstructions": "Bring own swim-wears or any already cooked food item for personal use."
        },
        {
            "sl": 2,
            "name": "Marine Drive",
            "city": "Mumbai",
            "timings": "8AM to 8PM",
            "dressCode": "Casual",
            "entranceFees": "Rs 100 per person",
            "specialInstructions": "Bring own swim-wears or any already cooked food item for personal use."
        },
        {
            "sl": 3,
            "name": "Yamuna Cross",
            "city": "Delhi",
            "timings": "8AM to 8PM",
            "dressCode": "Casual",
            "entranceFees": "Rs 100 per person",
            "specialInstructions": "Bring own swim-wears or any already cooked food item for personal use."
        },
        {
            "sl": 4,
            "name": "Chandlai Lake",
            "city": "Jaipur",
            "timings": "8AM to 8PM",
            "dressCode": "Casual",
            "entranceFees": "Rs 100 per person",
            "specialInstructions": "Bring own swim-wears or any already cooked food item for personal use."
        },
        {
            "sl": 5,
            "name": "Alibag",
            "city": "Pune",
            "timings": "8AM to 8PM",
            "dressCode": "Casual",
            "entranceFees": "Rs 100 per person",
            "specialInstructions": "Bring own swim-wears or any already cooked food item for personal use."
        },
        {
            "sl": 6,
            "name": "Neelangarai Beach",
            "city": "Chennai",
            "timings": "8AM to 8PM",
            "dressCode": "Casual",
            "entranceFees": "Rs 100 per person",
            "specialInstructions": "Bring own swim-wears or any already cooked food item for personal use."
        }
    ]
}