{
    "food": [
        {
            "sl": 1,
            "name": "VV Puram",
            "city": "Bengaluru",
            "timings": "7PM to 2AM",
            "dressCode": "Casual",
            "entranceFees": "NIL",
            "specialInstructions": "Please maintain cleanliness and beware of pickpockets."
        },
        {
            "sl": 2,
            "name": "Food Street",
            "city": "Mumbai",
            "timings": "7PM to 2AM",
            "dressCode": "Casual",
            "entranceFees": "NIL",
            "specialInstructions": "Please maintain cleanliness and beware of pickpockets."
        },
        {
            "sl": 3,
            "name": "Chandani Chowk",
            "city": "Delhi",
            "timings": "7PM to 2AM",
            "dressCode": "Casual",
            "entranceFees": "NIL",
            "specialInstructions": "Please maintain cleanliness and beware of pickpockets."
        },
        {
            "sl": 4,
            "name": "Masala Chowk",
            "city": "Jaipur",
            "timings": "7PM to 2AM",
            "dressCode": "Casual",
            "entranceFees": "NIL",
            "specialInstructions": "Please maintain cleanliness and beware of pickpockets."
        },
        {
            "sl": 5,
            "name": "Pune Khau Galli",
            "city": "Pune",
            "timings": "7PM to 2AM",
            "dressCode": "Casual",
            "entranceFees": "NIL",
            "specialInstructions": "Please maintain cleanliness and beware of pickpockets."
        },
        {
            "sl": 6,
            "name": "Dakshin",
            "city": "Chennai",
            "timings": "7PM to 2AM",
            "dressCode": "Casual",
            "entranceFees": "NIL",
            "specialInstructions": "Please maintain cleanliness and beware of pickpockets."
        }
    ]
}