{
    "historical": [
        {
            "sl": 1,
            "name": "LalBagh",
            "city": "Bengaluru",
            "timings": "",
            "dressCode": "",
            "entranceFees": "",
            "specialInstructions": ""
        },
        {
            "sl": 2,
            "name": "Taj Mahal Palace",
            "city": "Mumbai",
            "timings": "",
            "dressCode": "",
            "entranceFees": "",
            "specialInstructions": ""
        },
        {
            "sl": 3,
            "name": "Red Fort",
            "city": "Delhi",
            "timings": "",
            "dressCode": "",
            "entranceFees": "",
            "specialInstructions": ""
        },
        {
            "sl": 4,
            "name": "Jal Mahal",
            "city": "Jaipur",
            "timings": "",
            "dressCode": "",
            "entranceFees": "",
            "specialInstructions": ""
        },
        {
            "sl": 5,
            "name": "Laal Mahal",
            "city": "Pune",
            "timings": "",
            "dressCode": "",
            "entranceFees": "",
            "specialInstructions": ""
        },
        {
            "sl": 6,
            "name": "Vivekananda House",
            "city": "Chennai",
            "timings": "",
            "dressCode": "",
            "entranceFees": "",
            "specialInstructions": ""
        }
    ]
}