{
    "malls": [
        {
            "sl": 1,
            "name": "Vega City Mall",
            "city": "Bengaluru",
            "timings": "24/7",
            "dressCode": "Casual Wears",
            "entranceFees": "NIL",
            "specialInstructions": "Don't Damage Mall Property and maintain cleanliness"
        },
        {
            "sl": 2,
            "name": "Oberoi Mall",
            "city": "Mumbai",
            "timings": "24/7",
            "dressCode": "Casual Wears",
            "entranceFees": "NIL",
            "specialInstructions": "Don't Damage Mall Property and maintain cleanliness"
        },
        {
            "sl": 3,
            "name": "City Square Mall",
            "city": "Delhi",
            "timings": "24/7",
            "dressCode": "Casual Wears",
            "entranceFees": "NIL",
            "specialInstructions": "Don't Damage Mall Property and maintain cleanliness"
        },
        {
            "sl": 4,
            "name": "Crystal Court Mall",
            "city": "Jaipur",
            "timings": "24/7",
            "dressCode": "Casual Wears",
            "entranceFees": "NIL",
            "specialInstructions": "Don't Damage Mall Property and maintain cleanliness"
        },
        {
            "sl": 5,
            "name": "Westend Mall",
            "city": "Pune",
            "timings": "24/7",
            "dressCode": "Casual Wears",
            "entranceFees": "NIL",
            "specialInstructions": "Don't Damage Mall Property and maintain cleanliness"
        },
        {
            "sl": 6,
            "name": "Express Avenue",
            "city": "Chennai",
            "timings": "24/7",
            "dressCode": "Casual Wears",
            "entranceFees": "NIL",
            "specialInstructions": "Don't Damage Mall Property and maintain cleanliness"
        }
    ]
}