{
    "parks": [
        {
            "sl": 1,
            "name": "Cubbon Park",
            "city": "Bengaluru",
            "timings": "6AM to 8AM & 5PM to 9PM",
            "dressCode": "casual",
            "entranceFees": "NIL",
            "specialInstructions": "Please don't play any sports and don't damage property and plants."
        },
        {
            "sl": 2,
            "name": "Hanging Gardens",
            "city": "Mumbai",
            "timings": "6AM to 8AM & 5PM to 9PM",
            "dressCode": "casual",
            "entranceFees": "NIL",
            "specialInstructions": "Please don't play any sports and don't damage property and plants."
        },
        {
            "sl": 3,
            "name": "Indraprastha Park",
            "city": "Delhi",
            "timings": "6AM to 8AM & 5PM to 9PM",
            "dressCode": "casual",
            "entranceFees": "NIL",
            "specialInstructions": "Please don't play any sports and don't damage property and plants."
        },
        {
            "sl": 4,
            "name": "Central",
            "city": "Jaipur",
            "timings": "6AM to 8AM & 5PM to 9PM",
            "dressCode": "casual",
            "entranceFees": "NIL",
            "specialInstructions": "Please don't play any sports and don't damage property and plants."
        },
        {
            "sl": 5,
            "name": "Osho Teerth Park",
            "city": "Pune",
            "timings": "6AM to 8AM & 5PM to 9PM",
            "dressCode": "casual",
            "entranceFees": "NIL",
            "specialInstructions": "Please don't play any sports and don't damage property and plants."
        },
        {
            "sl": 6,
            "name": "May Day Park",
            "city": "Chennai",
            "timings": "6AM to 8AM & 5PM to 9PM",
            "dressCode": "casual",
            "entranceFees": "NIL",
            "specialInstructions": "Please don't play any sports and don't damage property and plants."
        }
    ]
}