{
    "religious": [
        {
            "sl": 1,
            "name": "Bull Temple",
            "city": "Bengaluru",
            "timings": "24/7",
            "dressCode": "Traditional/ Full Clothes",
            "entranceFees": "NIL",
            "specialInstructions": "Don't Wear footwears and be in proper attir."
        },
        {
            "sl": 2,
            "name": "Shree Siddhivinayak Temple",
            "city": "Mumbai",
            "timings": "24/7",
            "dressCode": "Traditional/ Full Clothes",
            "entranceFees": "NIL",
            "specialInstructions": "Don't Wear footwears and be in proper attir."
        },
        {
            "sl": 3,
            "name": "Akshardham Mandir",
            "city": "Delhi",
            "timings": "24/7",
            "dressCode": "Traditional/ Full Clothes",
            "entranceFees": "NIL",
            "specialInstructions": "Don't Wear footwears and be in proper attir."
        },
        {
            "sl": 4,
            "name": "Sun Temple",
            "city": "Jaipur",
            "timings": "24/7",
            "dressCode": "Traditional/ Full Clothes",
            "entranceFees": "NIL",
            "specialInstructions": "Don't Wear footwears and be in proper attir."
        },
        {
            "sl": 5,
            "name": "Shri Mahalaxami Mandir",
            "city": "Pune",
            "timings": "24/7",
            "dressCode": "Traditional/ Full Clothes",
            "entranceFees": "NIL",
            "specialInstructions": "Don't Wear footwears and be in proper attir."
        },
        {
            "sl": 6,
            "name": "Parthasarathy Temple",
            "city": "Chennai",
            "timings": "24/7",
            "dressCode": "Traditional/ Full Clothes",
            "entranceFees": "NIL",
            "specialInstructions": "Don't Wear footwears and be in proper attir."
        }
    ]
}