{
    "shopping": [
        {
            "sl": 1,
            "name": "KR Market",
            "city": "Bengaluru",
            "timings": "8AM to 11PM",
            "dressCode": "Casual",
            "entranceFees": "NIL",
            "specialInstructions": "Maintain cleanliness"
        },
        {
            "sl": 2,
            "name": "Zaveri Bazar",
            "city": "Mumbai",
            "timings": "8AM to 11PM",
            "dressCode": "Casual",
            "entranceFees": "NIL",
            "specialInstructions": "Maintain cleanliness"
        },
        {
            "sl": 3,
            "name": "Chandani Chowk",
            "city": "Delhi",
            "timings": "8AM to 11PM",
            "dressCode": "Casual",
            "entranceFees": "NIL",
            "specialInstructions": "Maintain cleanliness"
        },
        {
            "sl": 4,
            "name": "Saraogi Mansion",
            "city": "Jaipur",
            "timings": "8AM to 11PM",
            "dressCode": "Casual",
            "entranceFees": "NIL",
            "specialInstructions": "Maintain cleanliness"
        },
        {
            "sl": 5,
            "name": "Hong Kong Lane",
            "city": "Pune",
            "timings": "8AM to 11PM",
            "dressCode": "Casual",
            "entranceFees": "NIL",
            "specialInstructions": "Maintain cleanliness"
        },
        {
            "sl": 6,
            "name": "Phoenix Marketcity",
            "city": "Chennai",
            "timings": "8AM to 11PM",
            "dressCode": "Casual",
            "entranceFees": "NIL",
            "specialInstructions": "Maintain cleanliness"
        }
    ]
}