{
    "treks": [
        {
            "sl": 1,
            "name": "Skandagiri Hill",
            "city": "Bengaluru",
            "timings": "6AM to 6PM",
            "dressCode": "Trek-Comfortable Uniforms",
            "entranceFees": "Rs 250 per Person",
            "specialInstructions": "Personells are advised to make sure of their safety."
        },
        {
            "sl": 2,
            "name": "Harihar Fort",
            "city": "Mumbai",
            "timings": "6AM to 6PM",
            "dressCode": "Trek-Comfortable Uniforms",
            "entranceFees": "Rs 250 per Person",
            "specialInstructions": "Personells are advised to make sure of their safety."
        },
        {
            "sl": 3,
            "name": "Kuppar Peak",
            "city": "Delhi",
            "timings": "6AM to 6PM",
            "dressCode": "Trek-Comfortable Uniforms",
            "entranceFees": "Rs 250 per Person",
            "specialInstructions": "Personells are advised to make sure of their safety."
        },
        {
            "sl": 4,
            "name": "Nahargarh Fort",
            "city": "Jaipur",
            "timings": "6AM to 6PM",
            "dressCode": "Trek-Comfortable Uniforms",
            "entranceFees": "Rs 250 per Person",
            "specialInstructions": "Personells are advised to make sure of their safety."
        },
        {
            "sl": 5,
            "name": "Lohagad Trek",
            "city": "Pune",
            "timings": "6AM to 6PM",
            "dressCode": "Trek-Comfortable Uniforms",
            "entranceFees": "Rs 250 per Person",
            "specialInstructions": "Personells are advised to make sure of their safety."
        },
        {
            "sl": 6,
            "name": "Shevaroy Hills",
            "city": "Chennai",
            "timings": "6AM to 6PM",
            "dressCode": "Trek-Comfortable Uniforms",
            "entranceFees": "Rs 250 per Person",
            "specialInstructions": "Personels are advised to make sure of their safety."
        }
    ]
}