{
    "TypesofPlaces": [
        {
            "sl": 1,
            "name": "historical"
        },
        {
            "sl": 2,
            "name": "adventurous"
        },
        {
            "sl": 3,
            "name": "religious"
        },
        {
            "sl": 4,
            "name": "parks"
        },
        {
            "sl": 5,
            "name": "shopping"
        },
        {
            "sl": 6,
            "name": "food"
        },
        {
            "sl": 7,
            "name": "beaches"
        },
        {
            "sl": 8,
            "name": "treks"
        },
        {
            "sl": 9,
            "name": "malls"
        }
    ]
}